Hotel Transylvania,Castle Lubov,Santa Cruz Hotel,Camp Winnepacaca,Bermuda Triangle Cruiseship,Winnie's Treehouse,The Lost City of Atlantis Grand Hotel,Legacy Cruise
Archery,Pottery,Swimming,Archery,Swimming With The Fishes,Coloring Books,Swimming With The Fishes,Swimming With The Fishes
Ballroom Dancing,Ballroom Dancing,Surfing,Swimming,Live Theather,Baseball,Dolphin Riding,Dolphin Riding
Wine Night (21+),Ettique Lessons,Beach party,Axe Swinging,Casino (21+),Tennis,Deep Sea Diving,Deep Sea Diving
Howling at the Moon,Potion Mixing,Roller Skating,Horseback Riding,Arcade,Volleyball,Treasure Hunting,Casino (21+)
Potion Mixing,Build Your Own Coffin,Spa,Hiking,Dance Party,Play House,Waterpark,Dance Party
Build Your Own Coffin,Extreme Hide and Seek ,Skateboarding,Volleyball,Endless Shots Nights (21+),Rope Swinging,Dancing Lessons,Dance Lessons
Extreme Hide and Seek ,Archery,Shopping,Gym,Dolphin Riding,Ziplining,Tanning Beds,Table Tennis
Birthday Party (Reservation Needed),Rage Room,Beach Volleyball,Kayaking,Deep Sea Diving,,,Rooftop Dining
Flying Lessons,,,Woodworking,,,,
Game of Chicken Fight,,,Roasting Marshmallows,,,,